Name,Email
Aarav Sharma,aarav.sharma1@example.com
Vihaan Patel,vihaan.patel2@example.com
Aditya Verma,aditya.verma3@example.com
Arjun Singh,arjun.singh4@example.com
Reyansh Gupta,reyansh.gupta5@example.com
Muhammad Khan,muhammad.khan6@example.com
Sai Reddy,sai.reddy7@example.com
Krishna Iyer,krishna.iyer8@example.com
Ishaan Mehta,ishaan.mehta9@example.com
Rohit Malhotra,rohit.malhotra10@example.com
Ananya Sharma,ananya.sharma11@example.com
Diya Patel,diya.patel12@example.com
Kavya Verma,kavya.verma13@example.com
Pooja Singh,pooja.singh14@example.com
Neha Gupta,neha.gupta15@example.com
Aisha Khan,aisha.khan16@example.com
Sanya Reddy,sanya.reddy17@example.com
Nandini Iyer,nandini.iyer18@example.com
Riya Mehta,riya.mehta19@example.com
Sneha Malhotra,sneha.malhotra20@example.com
Rahul Sharma,rahul.sharma21@example.com
Karan Patel,karan.patel22@example.com
Amit Verma,amit.verma23@example.com
Vikas Singh,vikas.singh24@example.com
